Name,Price,Sale
"JINS&VICO 10FT Trampoline for Kids/Adult with 6FT Enclosure Net, 661LBS Capacity 3-4 Kids, High Waterproof Mat and Inclined Ladder, Outdooe/Indoor Park Kindergarten",$309.99,Reduced Price
"TRIPLE TREE 10 FT Trampoline with Safe Enclosure Net, 661 lbs Capacity for 3-4 Kids, Outdoor Fitness Trampoline with Waterproof Jump Mat Ladder for Indoor Park Kindergarten Toddler Trampolines",$277.39,Reduced Price
"SEGMART Trampoline for Kids, New Upgraded 16-Feet Outdoor Trampoline with Safety Enclosure Net, Basketball Hoop and Ladder, Heavy-Duty Round Trampoline for Indoor or Outdoor Backyard,Capacity 375lbs",$389.99,Clearance
"ANCHEER Fitness Trampoline 40"" Mini Foldable Re-Bounder Trampoline With Safety Handrail LEANO",$84.89,Reduced Price
"16FT Trampoline, 2021 Upgraded Outdoor Round Trampoline with Safety Enclosure, Basketball Hoop and Ladder, Outdoor Trampoline for Family School Entertainment, Heavy Duty Frame and Coiled Spring, B230",$519.99,Clearance
"Zimtown 55"" inch Mini Trampoline Workout - Kids Youth Jumping Round Rebounder Trampoline, with Safety Pad Enclosure Combo,  for Indoor / Outdoor Exercise Fitness",$83.95,Reduced Price
Costway Youth Jumping Round Trampoline 55'' Exercise W/ Safety Pad Enclosure Combo Kids,$129.99,Reduced Price
JumpKing 7.5' Round Trampoline Net Using 6 Poles,$36.31,Reduced Price
Gymax Kids Youth Jumping Round Trampoline Exercise W/ Safety Pad,$98.99,Reduced Price
"Zimtown My First Small 60 inches Kids Mini Round Trampoline Combo, with Surround Enclosure, Net and Bounce Spring Pad, for Youth Junior Juvenile Indoor Safety Jumping",$104.98,Reduced Price
"16 FT Outdoor Trampoline with Basketball Hoop, Outdoor Trampoline with Safety Enclosure Net, Circular Trampolines for Adults/Kids, Family Jumping and Ladder, Kids Basketball Trampoline, Q11391",$347.99,Clearance
Gymax 15 FT Trampoline Combo Bounce Jump Safety Enclosure Net,$649.99,Reduced Price
Gymax Kids Youth Jumping Round Trampoline Exercise W/ Safety Pad,$98.99,Reduced Price
Topbuy 15 FT Trampoline Combo Bounce Jump Safety Enclosure Net W/Basketball Hoop Ladder,$559.95,Reduced Price
"16 FT Outdoor Trampoline with Basketball Hoop, Outdoor Trampoline with Safety Enclosure Net, Circular Trampolines for Adults/Kids, Family Jumping and Ladder, Kids Basketball Trampoline, Q11361",$347.99,Clearance
Costway 20pcs 7'' Silver Heavy-Duty Galvanized Trampoline Spring High Tensile All Weather,$26.99,Reduced Price
b bOUNDER Exercise Trampoline  Rebounder with Balance Barre and DVD,$85.99,Reduced Price
"SereneLife SLSPT409 - Sports Jumping Fitness Trampoline, Adult Size",$69.99,Reduced Price
Costway 38'' Rebounder Trampoline Adults and Kids Exercise Workout w/Padding & Springs,$46.99,Reduced Price
"Yescom 10.56' (126.77"") Trampoline Jumping Mat Replacement for 12ft-framed Round Trampoline with 60 V-rings 5.5"" Springs",$55.90,Reduced Price
"12.04' (144.49"") Weatherproof Jumping Mat for 14ft-framed Round Trampoline Replacement with 96 V-rings 8.5"" Spring",$75.90,Reduced Price
"Toddler Trampoline with Handrail, 36"" Mini Foldable Rebounder Fitness Trampoline, Kids Trampoline Little Trampoline with Safety Padded Cover, Small Kids Indoor Trampoline for Boys Girls, Pink, Q11472",$59.99,Clearance
"45"" Kids Outdoor Trampoline, BTMWAY Mini Trampolines with Safety Enclosure, Indoor/Outdoor Exercise Trampoline for Adults Kids, Small Foldable Child Jump Fitness Trampoline Exercise, Blue, R638",$68.99,Clearance
"URHOMEPRO 45"" Mini Fitness Trampoline, Rebounders Trampolines for Adult Kids, Safely Cushioned Bounce Trampoline w/ Safe Padding & Springs, Gym Exercise, Indoor Outdoor Play, Jumping, Blue, W8381",$69.99,Clearance
"16-Foot Kids Trampoline with Basketball Hoop, Outdoor Trampoline with Safety Enclosure Net, Circular Trampolines for Adults Kids, Family Jumping and Ladder, Kids Basketball Trampoline, Q11370",$347.99,Clearance
JumpKing Trampoline Basketball Hoop with Attachment and Inflatable Basketball,$74.99,Reduced Price
"38""-54inch Folding Trampoline Aerobic Home Workout Fitness Rebounder with Safety Pad HFON",$55.39,Reduced Price
"Soozier Portable & Foldable Small Exercise Trampoline with 3-Level Adjustable T-Bar, Great for Adults Working Out, Blue",$72.99,Reduced Price
"Skywalker Round 14' Round Replacement Trampoline Enclosure Part, Curved Tube",$36.99,Reduced Price
"Ktaxon Mini Trampoline, Two Kids/Parent-Child Rebounder Trampoline, 50"" Diameter",$82.99,Reduced Price
"Skywalker Trampoline 15' Round Replacement Frame Part, Top Tube",$39.99,Reduced Price
Yescom Round Trampoline Enclosure Net Fence Replacement Safety Mesh Netting Fits All Brands 15ft 3 Arch 6 Pole,$63.90,Reduced Price
"20pcs 7"" Inch Galvanized Steel Trampoline Springs Galvanized Replacement Set",$25.90,Reduced Price
Yescom Round Trampoline Enclosure Net Fence Replacement Safety Mesh Netting Fits All Brands 14ft 4 Arch 8 Pole,$58.90,Reduced Price
"Upper Arm Blood Pressure Monitor, Automatic BP Machine 2 User Memory 3-Color Backlit Digital Display Pulse Rate Monitoring Meter Home Use Indicator w/ Adjustable Cuff, for Adult Pregnancy Parents",$31.99,Clearance
"Yescom 15Ft 4 Arch 8 Pole Trampoline Round Enclosure Net 160"" Diam. x 71""H Fence Mesh Netting Replacement Zipper",$66.90,Reduced Price
"Yescom 20pcs 8.5"" Inch Trampoline Springs Set Galvanized Steel Replacement Kit",$30.90,Reduced Price
"55inch Kids Trampoline with Safety Enclosure Net & Spring Pad, 440 lbs Powerful Loading Capacity All-in-one Combo Set - Indoor/Outdoor Heavy Duty Frame",$84.92,Clearance
"55inch Kids Trampoline with Safety Enclosure Net & Spring Pad, 440 lbs Powerful Loading Capacity All-in-one Combo Set - Indoor/Outdoor Heavy Duty Frame",$84.92,Clearance
"Best Choice Products 7ft Kids Round Mini Trampoline for Indoor & Outdoor Use w/ Safety Net Enclosure, Padding, Zipper in Multicolor",$199.99,Clearance
"Skywalker Round 15' Round Replacement Trampoline Enclosure Part, Curved Tube",$33.95,Reduced Price
Topbuy 15 FT Round Trampoline Replacement Safety Pad Spring Frame Edge Cover,$99.95,Reduced Price
Stamina Oval Fitness Trampoline,$59.00,Reduced Price
Yescom Trampoline Enclosure Net Fence Replacement Safety Mesh Netting 12' 4 Arch 8 Pole,$53.90,Reduced Price
Upper Arm Blood Pressure Monitor Automatic BP Machine & Pulse Rate Indicator Accurate Monitoring Meter 2x120 Memory 3 Color LCD Backlit Display w/ Wide-Range Cuff- Home Office Travel Parents Pregnancy,$31.99,Clearance
Upper Arm Blood Pressure Monitor Automatic BP Machine & Pulse Rate Indicator Accurate Monitoring Meter 2x120 Memory 3 Color LCD Backlit Display w/ Wide-Range Cuff- Home Office Travel Parents Pregnancy,$31.99,Clearance
"Upper Arm Blood Pressure Monitor, Automatic BP Machine 2 User Memory 3-Color Backlit Digital Display Pulse Rate Monitoring Meter Home Use Indicator w/ Adjustable Cuff, for Adult Pregnancy Parents",$31.99,Clearance
JumpKing ACC-1014RCVBN Volleyball Net & Ball for 10 x 14' Rectangular Trampoline,$19.99,Reduced Price
"Skywalker 16' ROUND Replacement Trampoline Enclosure Part, Straight Tube",$42.99,Reduced Price
"BouncePro 14' Replacement Trampoline and ""Steel Flex Pro"" Enclosure UPPER FRAME TUBE",$37.99,Reduced Price
"Skywalker Trampoline 16' OVAL Replacement Part, Leg Extension",$18.99,Reduced Price
Gymax Kids Youth Jumping Round Trampoline Exercise W/ Safety Pad,$115.99,Reduced Price
"Generic 20 PCS 7"" Trampoline Springs Heavy-Duty Galvanized Steel Replacement Set Kit",$23.99,Reduced Price
Gymax Mini Rebounder Trampoline With Adjustable Hand Rail Bouncing Workout Exercise,$69.99,Reduced Price
BouncePro 14' Round Trampoline Vertical Leg Extension with Holes (6B),$29.99,Reduced Price
Gymax Trampoline Safety Pad Spring Round Frame Pad Cover Replacement Multi Color,$75.99,Reduced Price
Skywalker Trampoline Frame Parts 14' Replacement T-Socket,$17.99,Reduced Price
Skywalker Trampoline Replacement Frame Parts T-Joint for 15' Round Trampoline,$18.99,Reduced Price
"55"" /120"" Trampoline with Safe Enclosure Net, 450lbs Capacity for Kids Adults for Home Indoor Playing",$85.99,Reduced Price
"UBesGoo Kids Trampoline, 2 Person Mini Rebounder Trampoline, for Indoor Garden Exercise",$82.98,Reduced Price
JumpKing Universal Backyard Trampoline Outdoor Water Sprinkler Mist Sprayer,$42.99,Reduced Price
"60"" Round Trampoline,Kids Trampoline,The Birthday Gift For Kids,Max 200 lbs with Enclosure Netting for Outdoor & Indoor",$128.67,Clearance
"JumpKing Rectangular 7 x 10 Foot Trampoline, with Safety Enclosure, Blue",$299.99,Reduced Price
"UBesGoo 60"" Youth Kids Trampoline Combo,  with Enclosure Netting & Spring Safety Jumping Mat Cover, for Indoor/Outdoor Jumpping Playing",$104.99,Reduced Price
JumpKing 8' x 14' Safety Trampoline Frame Pad,$59.60,Reduced Price
"AirZone 12' Round Trampoline, Replacement Leg Extension (LEFT)",$27.99,Reduced Price
Yescom 12' Trampoline Safety Pad Round Frame Replacement,$65.90,Reduced Price
Skywalker 14' Round Trampoline Straight Leg Extension,$29.99,Reduced Price
"Clearance! 16' Trampoline Combo, Indoor Outdoor Trampoline w/ Safe Enclosure, Basketball Hoop, Waterproof Jump Mat, Bounce Jump Trampoline for Family School Entertainment, Trampoline for Kids, W9031",$669.99,Clearance
"Kids Trampoline with Enclosure Safety Pad Net, 55"" Round Trampoline for Jumping Indoor or Outdoor, 440lbs Bering Capability for 2-6 Year old",$69.99,Reduced Price
"MOVTOTOP Mini Trampoline Rebounder for Adults Kids Fitness, 48"" Cardio Trampolines Trainer with Handrail for Indoor/Outdoor/Garden/Yoga Workout Exercise",$69.83,Reduced Price
"2021 Upgrade Kids Trampoline with Adjustable Handle and Safety Cover, Folding Rebounder Trampoline for 2 Person, Oval Fitness Trampoline for Kids, Parent-Kids Trampoline for Indoor Outdoor",$135.99,Clearance
"JumpKing 10 x 14 Foot Rectangular Trampoline with Safety Net Siding, Blue",$649.99,Reduced Price
"Skywalker 13' SQUARE Trampoline Replacement Part, Corner Tube",$28.99,Reduced Price
"16 FT Kids Trampoline with Safety Net, Outdoor Trampoline with Basketball Hoop, Enclosure Net&Spring Pad, Trampoline Ladder, Bounce Jumper Trampoline, Indoor Outdoor Play Equipment for Kids, W12947",$599.99,Clearance
"16FT Trampoline, 2021 Upgraded Outdoor Round Trampoline with Safety Enclosure, Basketball Hoop and Ladder, Outdoor Trampoline for Family School Entertainment, Heavy Duty Frame and Coiled Spring, B235",$369.99,Clearance
JumpKing Two Step Trampoline 38 inch to 45 inch Ladder and Anchor Tie Down Kit,$59.99,Reduced Price
"Skywalker 15' SQUARE Replacement Trampoline Enclosure Part, Straight Tube",$46.99,Reduced Price
"Trampoline for Kids 5-12, 14-Feet Trampoline with Basketball Hoop & Backboard Enclosure Net Jumping Mat, Safety Spring Cover Padding, Basketball Hoop & Ladder, Trampoline for Toddlers Toys, S11608",$395.99,Clearance
"Skywalker Trampoline 15' Round Replacement Frame Part, Leg Extension",$23.99,Reduced Price
Skywalker Trampoline 13' x 13' Replacement Enclosure Curved Tube,$37.99,Reduced Price
JumpSport Heavy Duty Trampoline Anchor Safety Kit - Set of 4 Screws and Straps,$49.95,Reduced Price
"45"" Mini Exercise Trampoline for Kids, Portable Fitness Trampoline with Safety Padding and Springs, Rebounders Trampolines for Adults Exercise and Play Indoor or Outdoor, Holds 176 lbs, Blue, Q8363",$67.99,Clearance
"SereneLife SLTRA10BL - Home Backyard Sports Trampoline - Large Outdoor Jumping Fun Trampoline for Kids / Children, Safety Net Cage (10 ft.)",$429.99,Reduced Price
"Skywalker Trampoline 16' OVAL Replacement Parts, Top Tube Key NO 1 (Small Hole)",$38.99,Reduced Price
Gymax 16FT Trampoline Combo Bounce Jump Safety Enclosure Net,$709.99,Reduced Price
"Clevr 7ft Kids Trampoline with Safety Enclosure Net & Spring Pad, Mini Indoor/Outdoor Round Bounce Jumper 84"", Built-in Zipper Heavy Duty Steel Frame,Green/Blue , Great Gift for Kids",$229.99,Reduced Price
Gymax 16' Trampoline Combo Bounce Jump Safety Enclosure Net,$709.99,Reduced Price
JumpSport 430 44-Inch In-Home Rebounder Fitness Trampoline with Workout DVDs,$329.00,Reduced Price
Skywalker Trampoline Frame Parts 15' Replacement T-Socket,$18.99,Reduced Price
"Ktaxon 55"" Round Kids Mini Trampoline Combo, with Safety Enclosure Net Pad, for Rebound Jumping Outdoor Playground Exercise",$83.98,Reduced Price
Skywalker Trampoline Replacement Frame Parts 9' x 15' T-Socket - SH4189,$22.99,Reduced Price
"Skywalker Trampoline Frame Parts, Square T-Socket Cap, 8-piece",$12.89,Reduced Price
"Clevr 7' Trampoline with Safety Enclosure Net & Spring Pad, Outdoor Round Bounce Jumper, Orange / Blue",$229.99,Reduced Price
"36-Inch Small Trampoline for Boys Girls, Kids Trampoline Little Trampoline with Handrail and Safety Padded Cover, Mini Foldable Rebounder Fitness Trampoline, Kids Indoor Trampoline, Pink, Q11480",$59.99,Clearance
Bounce Pro 14' Flex Model Replacement Top Rail with Leg Socket,$42.99,Reduced Price
"SportPlus Quiet Mini Indoor Rebounder Fitness Trampoline w/ Adjustable Bar, Red",$119.99,Reduced Price
"Mini Rebounder Trampoline with Adjustable Handle for Two Kids, Parent-Child Trampoline",$98.09,Reduced Price
Jumpking 7 inch Trampoline Springs - Set of 5,$11.16,Reduced Price
JumpKing 5.5'' Trampoline Spring (Set of 5),$9.85,Reduced Price
Bazoongi ESP-POD Enclosure Straight Pole for Pod Connector,$10.45,Reduced Price
Trampoline Mat For Oval Jumpking 9x14,$45.17,Reduced Price
BouncePro Replacement 14' Round Trampoline Enclosure Net ONLY Black with Blue/Gray,$139.99,Reduced Price
"Skywalker Trampoline 16' OVAL Replacement Part, Leg Brace",$18.99,Reduced Price
"Trampoline for Exercise, New Upgraded 16-Feet Outdoor Trampoline with Basketball Hoop, Safety Enclosure Net and Ladder, Heavy-Duty Round Trampoline for Indoor or Outdoor Backyard,Capacity 375lbs,L4748",$389.99,Clearance
BouncePro 5 5 Inch  Replacement Springs Silver 12 Count Five and Half Inch,$27.99,Reduced Price
Skywalker Trampoline 13' x 13' Replacement Enclosure Part Straight Tube,$44.99,Reduced Price
JumpKing ACC-UBSKU Universal Adjustable Trampoline Basketball Hoop w/ Basketball,$49.99,Reduced Price
"Skywalker 16' Round Replacement Trampoline Enclosure Part, Curved Tube",$38.99,Reduced Price
"Skywalker 16' OVAL Replacement Trampoline Enclosure Part, Curved Tube",$42.95,Reduced Price
JumpSport 250 Fitness Rebounder Mini Trampoline for In Home Cardio Fitness,$269.00,Reduced Price
JumpSport 220 Fitness Rebounder Mini Trampoline for In Home Cardio Fitness,$208.99,Reduced Price
"36"" Mini Trampoline Kids Trampoline with Handrail for Two Kids Parent Child Exercise Play Indoor or Outdoor",$66.59,Clearance
"38"" Trampoline for Kids, BTMWAY Outdoor Folding Kids Mini Trampoline Rebounder Exercises, Indoor Jump Trampoline with Enclosure Net and Spring Cover Padding, Max Load 180lbs, Pink, R635",$68.99,Clearance
"16-Foot Kids Trampoline with Basketball Hoop, Outdoor Trampoline with Safety Enclosure Net, Circular Trampolines for Adults Kids, Family Jumping and Ladder, Kids Basketball Trampoline, Q11385",$529.99,Clearance
"Clevr 7ft Kids Trampoline with Safety Enclosure Net & Spring Pad, Mini Indoor/Outdoor Round Bounce Jumper 84"", Built-in Zipper Heavy Duty Steel Frame, Blue , Great Gift for Kids",$229.99,Reduced Price
Hascon 56 in.Twin Trampoline with Safety Pad Adjustable Handlebar,$101.89,Reduced Price
"Skywalker 14' Round Replacement Trampoline Part, Leg Brace (""W"" Shape Leg)",$34.99,Reduced Price
"12FT Trampoline, Upgraded Outdoor Round Trampoline with Safety Enclosure, Basketball Hoop and Ladder, Outdoor Trampoline for Family School Entertainment, Heavy Duty Frame and Coiled Springs, B240",$395.99,Clearance
Stamina InTone Oval Fitness Trampoline with Foam Handlebar and Resistance Tubes,$109.99,Reduced Price
Electron Shooter Laser Game for Trampolines with Enclosures,$28.99,Reduced Price
"Trampoline 10 FT with Safe Enclosure Net, Kids Trampoline for Play & Exercise Indoor or Outdoor, 661 LB Capacity for 3-4 Kids, Waterproof Jump Mat, Backyard Trampoline Ladder for Adults Jump Sports",$355.99,Reduced Price
"Lowest Price ever ! Max Load 220lbs Rebounder Mini Trampoline with Safety Pad for Indoor Garden Workout Cardio Training (2 Sizes: 38 inch / 40 inch, Two Modes: Folding / Not Folding)",$54.99,Reduced Price
5 in. Trampoline Springs - Set of 20,$21.73,Reduced Price
"45"" Mini Fitness Trampoline for Adults Kids, 2020 Newest Rebounder Trampoline with Padding and Springs Elastic Safe for Indoor Outdoor Exercise Workout, Exercise Trampoline Holds 176 lb, Blue, Q8364",$67.99,Clearance
JumpKing ACC-710RCVBN Volleyball Net & Ball for 7 x 10 Ft Rectangular Trampoline,$13.99,Reduced Price
"38"" Outdoor Children Kids Safe Foldable Toddler Trampoline  STDTE",$55.99,Reduced Price
"Skywalker 15' Round Replacement Trampoline Part, Leg Brace (""W"" Shape Leg)",$34.99,Reduced Price
"36-Inch Kids Trampoline Little Trampoline with Handrail and Safety Padded Cover, Mini Foldable Rebounder Fitness Trampoline, Small Trampoline for Boys Girls, Kids Indoor Trampoline, Pink, Q11474",$59.99,Clearance
"Skywalker 6.5"" Trampoline Springs fits 14' Square Trampoline, 12-Pieces",$27.99,Reduced Price
"Ktaxon 55 inch Durable Mini Kids Trampoline, TUV Certified Safety Trampoline, for Children Birthday gift, Toy",$86.39,Reduced Price
"Zimtown 55"" Mini Round Trampoline Combo with Safety Surround Enclosure Net , for Kids / Children Youth Jumping, Perfect for Indoor Outdoor Rebounder Exercise Fitness",$83.99,Reduced Price
"Skywalker 16' OVAL Replacement Trampoline Enclosure Part, Straight Tube",$38.99,Reduced Price
Enclosure Trampoline Netting (Set of 8),$8.09,Reduced Price
"16ft Trampoline with Enclosure, New Upgraded Kids Outdoor Trampoline with Basketball Hoop and Ladder, Heavy-Duty Round Trampoline for Indoor or Outdoor Backyard, Capacity 375lbs, L4736",$389.99,Clearance
"36"" Kids Indoor Trampoline, Small Toddler Trampoline for Boys Girls, Kids Trampoline Little Trampoline with Handrail and Safety Padded Cover, Mini Foldable Rebounder Fitness Trampoline, Blue, Q11461",$59.99,Clearance
"uhomepro 16 FT Round Trampoline with Basketball Hoop, Kids Trampoline with Safety Enclosure Net, Circular Trampolines for Adults Kids, Family Jumping Kids Basketball Outdoor Trampoline, Q11343",$529.00,Clearance
"Hascon 38"" Outdoor Children Kids Safe Foldable Toddler Trampoline  HITC",$55.99,Reduced Price
"bazoongi bedov1417108-8bg 14 x 17 ft. trampoline with 8 in. 108 v-rings oval jumping surface, black & green",$82.89,Reduced Price
"13FT Trampoline, Outdoor Trampoline for Kids Adults, 2021 Upgraded Heavy Duty Round Trampoline with Enclosure Net, Spring Cover Padding & Ladder, Home Trampoline for Graden Patio Backyard, S1295",$395.99,Clearance
"Skywalker Trampoline 16' OVAL Replacement Frame Part, T-Joint",$15.99,Reduced Price
"60inch Exercise Hexagon Trampoline Indoor Children's Entertainment Trampoline Home Trampoline Children with Protective Net&Basketball Board Outdoor Toy Jumping Bed, 220 LB Capacity for 3 Kids",$129.92,Clearance
"16 FT Outdoor Trampoline with Basketball Hoop, Outdoor Trampoline with Safety Enclosure Net, Circular Trampolines for Adults/Kids, Family Jumping and Ladder, Kids Basketball Trampoline, Q11346",$559.99,Clearance
Trampoline Basketball Hoop with U-Bolt Attachment,$92.94,Reduced Price
"Skywalker Trampoline 16' OVAL Replacement Frame Part, T-Socket",$16.99,Reduced Price
"36"" Kids Indoor Trampoline, Small Toddler Trampoline for Boys Girls, Kids Trampoline Little Trampoline with Handrail and Safety Padded Cover, Mini Foldable Rebounder Fitness Trampoline, Pink, Q11466",$59.99,Clearance
"Skywalker Trampoline 16' OVAL Replacement Parts, Top Tube Key NO 2 (Small Arc)",$36.99,Reduced Price
"Zimtown Mini Rebounder Trampoline, with Adjustable Handle, for Two Kids, Parent-Child, Blue",$77.75,Reduced Price
"40"" Folding Mini Trampoline, Fitness Rebounder with Safety Pad, Exercise Rebounder for Adults Indoor/Outdoor Workout Max Load 330lb",$67.79,Clearance
"Ancheer  Small Rebounder Rectangle Trampoline 55.8 x 35.5inch with Adjustable Handrail for Two Kids, Parent-Child Trampoline    DEAML",$102.89,Reduced Price
"uhomepro 16 FT Round Trampoline with Basketball Hoop, Kids Trampoline with Safety Enclosure Net, Circular Trampolines for Adults Kids, Family Jumping Kids Basketball Outdoor Trampoline, Q11388",$559.99,Clearance
JumpKing 5'' Trampoline Spring,$21.73,Reduced Price
"Skywalker 5 5in Trampoline Springs, 12 piece Five and Half Inch",$35.49,Reduced Price
"14-Foot Kids Trampoline, Outdoor Round Trampoline with Safety Enclosure Net, Basketball Hoop, Circular Trampolines for Adults, Family Jumping and Ladder, Kids Basketball Trampoline, Q11367",$519.99,Clearance
"Skywalker 15' SQUARE Replacement Trampoline Enclosure Part, Curved Tube",$37.99,Reduced Price
"Toddler Trampoline with Handrail, 36"" Mini Foldable Rebounder Fitness Trampoline, Kids Trampoline Little Trampoline with Safety Padded Cover, Small Kids Indoor Trampoline for Boys Girls, Blue, Q11447",$59.99,Clearance
Skywalker Trampoline 9' x 15' Rectangle Trampoline Jumping Mat ONLY,$159.99,Reduced Price
"56*36 inch Mini Trampoline for Two Kids, Parent-Child Trampoline with Adjustable Handle(Load Capacity 220lb)",$102.89,Reduced Price
"16 FT Outdoor Trampoline for Kids, Trampolines with Enclosure, Trampoline with Basketball Hoop, Outdoor Trampoline with Net, Bounce Jumper Trampoline Combo, Indoor Outdoor Play Equipment, W12969",$629.99,Clearance
"Mini Rebounder Trampoline, 55"" Kids Trampoline with Safety Enclosure Net, Six Legs, Outdoor Round Trampoline for Kids Toddler, Heavy Duty Indoor Round Trampoline for Backyard, Max Load 110lbs, Q13794",$119.99,Reduced Price
Jumpking JKRC1015BYC3 10 x 15-Foot Rectangular Trampoline and Enclosure Net Combo,$824.99,Reduced Price
"14FT Trampoline, Upgraded Outdoor Round Trampoline with Safety Enclosure, Basketball Hoop and Ladder, Outdoor Trampoline for Family School Entertainment, Heavy Duty Frame and Coiled Springs, B239",$519.99,Clearance
"Trampoline Sprinkler for Kids - Fun Summer Outdoor Trampoline Water Sprinkler for Kids and Adults, Trampoline Accessories Sprinkler 26ft Long for Water Play, Games, and Summer Fun in Yards (Green)",$12.98,Reduced Price
"10 FT Trampoline with Safety Enclosure Net, Exercise Trampoline for Kids and Adults with Jumping Mat, Ladder, 661 LB Weight Limit, Indoor Outdoor Fitness Backyard Trampolines, Best Gift",$307.99,Reduced Price
"Famistar 14FT Trampoline with Safety Enclosure Net, Spring Pad and Ladder, 330LBS Capacity for 4-5 Kids, Outdoor Exercise Fitness with Waterproof Jumping Mat for Teens and Kids",$379.99,Clearance
"40"" Folding Mini Trampoline for Kids Adults, Small Exercise Fitness Trampoline with Adjustable Foam Handle, Little Rebounder Trampoline Indoor, Max Load 330 lbs",$56.69,Reduced Price
"Doufit Trampoline for Kids and Adult With Handlebar, 36"" Kids Mini Trampoline Safety Pad Rebounder, Play Exercise Bouncer Indoor & Outdoor, Max Load 220lb",$58.99,Reduced Price
55'' Mini Children Jumping Trampoline With Enclosure Net for Kids Toddlers Recreational Rebounder,$73.99,Reduced Price
"Kids Trampoline With Safety Enclosure Net And Ladder, 10x10x8.4ft 661lbs Load Outdoor Recreational Trampoline With Waterproof Jump Pad For Outdoor Toddler Trampolines, Black",$315.99,Reduced Price
"14 FT Trampoline with Basketball Hoop, Safety Enclosure Net, 800LBS Capacity 5-6 Kids, Waterproof Mat and Ladder, Outdoor Backyard Trampolines, Basketball Trampoline for Kids/Adults",$509.99,Reduced Price
Hotwon  Suitable For 5FT Trampoline Legs,$7.47,Reduced Price
Trampoline Shoes Bag Trampoline Storage Mesh Bag Shoe Holder Indoor Fitness Trampoline Bounce Mesh Pocket with 4 Straps,$20.99,Reduced Price
"10 FT Trampoline with Safety Enclosure Net for Kids and Adults Fitness Trampoline, Waterproof Jump Mat, Ladder, Spring Cover Pad Exercise Fitness Outdoor Trampoline",$309.99,Reduced Price
"40 Inch Foldable Portable Trampoline, Max Load 300 lbs Indoor Trampoline with Foam Stabilizing Handlebars Exercise Fitness Mini Trampoline for Kids Adults Garden/Home Workout",$78.99,Reduced Price
"14FT Trampoline with Basketball Hoop&Safety Enclosure Net, 800LBS Capacity 5-6 Kids, Waterproof Mat and Ladder, Outdoor Backyard Trampolines, Basketball Trampoline for Kids/Adults",$529.99,Reduced Price
"40"" Folding Mini Trampoline for Kids Adults, Small Exercise Fitness Trampoline with Adjustable Foam Handle, Little Rebounder Trampoline Indoor, Max Load 330 lbs",$57.94,Reduced Price
"39/49ft Trampoline Sprinkler, Sprayer for Trampoline Net, Outdoor Water Park Ajustable Length Sprinker Hose Toys Cooling Kit for Kids Boys Girls",$14.98,Clearance
"40"" Foldable Mini Trampoline, Fitness Rebounder with Foam Handle, Exercise Trampoline for Kids Adults Indoor/Garden Workout Max Load 330lbs, Garden/Home Workout Cardio Indoor Trampoline",$79.99,Reduced Price
"Famistar 10FT Trampoline with Safety Enclosure Net, 331lbs Capacity for Kids and Teens, Outdoor Fitness Trampoline with Waterproof Jumping Mat, Spring Cover Padding and Ladder, CE, GS, EN71 Approved",$279.99,Clearance
"Famistar 10FT Trampoline with Safety Enclosure Net, 331lbs Capacity for Kids and Teens, Outdoor Fitness Trampoline with Waterproof Jumping Mat, Spring Cover Padding and Ladder, CE, GS, EN71 Approved",$279.99,Clearance
"40"" Rebounder Fitness Trampoline for Safe Kid and Adult Home Exercise",$49.99,Clearance
Hotwon  Suitable For I01ZCC91016482 12FT Trampoline Screw Bag,$7.16,Reduced Price
"55"" Trampoline for Kids,4.5ft Outdoor & Indoor Toddler Trampoline with Enclosure,Birthday Gift for Kids, Gifts for Boy and Girl, Baby Toddler Trampoline Toys, Age 1-8",$74.88,Reduced Price
10 PCS Per Set Trampoline Jumping Bed Bungee Bed Mesh Cloth Mattress Jumping Cloth Iron Buckle Triangle Ring,$11.05,Reduced Price
10 PCS Per Set Trampoline Jumping Bed Bungee Bed Mesh Cloth Mattress Jumping Cloth Iron Buckle Triangle Ring,$10.18,Reduced Price
10 PCS Per Set Trampoline Jumping Bed Bungee Bed Mesh Cloth Mattress Jumping Cloth Iron Buckle Triangle Ring,$10.18,Reduced Price
10 PCS Per Set Trampoline Jumping Bed Bungee Bed Mesh Cloth Mattress Jumping Cloth Iron Buckle Triangle Ring,$10.18,Reduced Price
"40"" Folding Trampoline, Mini Rebounder Trampoline for Kids and Adults",$49.99,Clearance
"JINS&VICO Trampoline 10FT for Kids with Enclosure, Indoors Outdoors Exercise Kids/Adult, 661LBS Capacity 3-4 Kids, Waterproof Mat And Inclined ladder, Safe Kids' Trampoline Play",$299.79,Reduced Price
"Foldable Mini Trampoline, 40"" Fitness Trampoline Stable & Quiet Exercise Rebounder for Kids Adults Indoor/Garden Workout Load 330 lbs Portable Rebounder Trampoline with Foam Handle",$89.99,Reduced Price
"Newway26&49 Feet Trampoline Sprinkler Trampoline Spray Water Park Outdoor Kids Water Sprayer Game Toys ,,",$11.76,Clearance
Oaktree Trampoline Sprinkler Durable Safe Outdoor Water Play Multifunctional Sprinklers For Kids Fun Water Park Summer Games Yard Toys *,$10.63,Clearance
Triangle Buckle 10 PCS Per Set Trampoline Jumping Bed Bungee Mesh Cloth Mattress Iron Trian,$12.05,Reduced Price
Taotanxi Children's Summer Water Outdoor Sprinkler Trampoline Sprinkler Water Toy,$19.11,Reduced Price
JumpKing 3.5'' Trampoline Spring,$18.19,Reduced Price
"Foldable Mini Trampoline, 40"" Fitness Trampoline Stable & Quiet Exercise Rebounder for Kids Adults Indoor/Garden Workout Load 330 lbs Portable Rebounder Trampoline with Foam Handle",$59.99,Reduced Price
Kernelly Trampoline Sprinkler Durable Safe Outdoor Water Play Multifunctional Sprinklers For Kids Fun Water Park Games Yard Toys,$11.84,Reduced Price
26&49 Feet Trampoline Sprinkler Trampoline Spray Water Park Outdoor Kids Water Sprayer Game Toys Trampoline Accessories A1,$12.05,Clearance
"Bobor Trampoline Sprinklers for Kids, Outdoor Trampoline Spary Park Fun Summer Water Toys.(39ft)",$14.59,Reduced Price
"12ft 300lbs Load Trampoline With Enclosure for Kids Toddlers And Adults, Indoor Outdoor Recreational Exercise Trampoline, 144x144x112.6'' Blue",$329.99,Reduced Price
ZDMATHE Stainless Steel Trampoline Springs Jumping Bed Stretching Spring 9-14.7cm 16cm For Outdoor Mat Trampoline Install Your Jump Pad,$10.39,Reduced Price
"Altsales Trampoline Sprinkler, Outdoor Kids Adults Water Play Sprinklers, Trampoline Spray Waterpark Fun Summer Water Toys",$11.97,Reduced Price
Clearance Elaydool 39 Ft Summer Water Sprinkler Trampoline Sprinkler Outdoor Garden Water Games toy Sprayer Backyard Water Park Accessories,$12.93,Clearance
26/49 Feet Trampoline Sprinkler for Kids Outdoor Waterpark Backyard Accessories Water Toys for Boys Girls by DA BOOM,$12.79,Reduced Price
"Trampoline Sprinkler, Trampoline Spray Water Park Fun Summer Outdoor Kids Water Sprayer Game Toys Trampoline Accessories 39.4ft",$14.37,Reduced Price
"Trampoline Sprinkler, 26/49FT Water Sprinkler Spray Hose Outdoor Water Park Trampoline Accessories Fun Summer Activities Outdoor Water Toys Backyard for Kids, Toddlers",$14.99,Clearance
26&49 Feet Trampoline Sprinkler Trampoline Spray Water Park Outdoor Kids Water Sprayer Game Toys Trampoline Accessories,$11.99,Reduced Price
"Trampoline Sprinkler Spray for Park Watering Sprayer Kids Game Toys Trampoline Accessories,26Ft/49 Ft",$13.89,Clearance
Outdoor Trampoline Water Sprinkler Garden Courtyard Waterpark Water Spray Hose Kids Water Playing Tool 8m/15m,$10.60,Clearance
"Trampoline Sprinkler for Kids, Outdoor Trampoline Backyard Water Park Sprinkler Fun Summer Outdoor Water Toys for Boys Girls",$12.98,Clearance
Magazine 26&49 Ft Water Sprinkler Pipe Outdoor Waterpark Trampoline Kids Toy Spray Hose Toys,$14.99,Reduced Price
Wisremt Summer Water Sprinkler Trampoline Sprinkler Outdoor Garden Water Games Toy Sprayer Backyard Water Park Accessories 39 Feet Game,$14.19,Reduced Price
Summer Water Sprinkler Trampoline Sprinkler Outdoor Garden Water Games Toy Sprayer Backyard Water Park Accessories 39 Feet Game,$15.45,Clearance
Trampoline Sprinkler 15M Children'S Outdoor Play Sprinkler Fun Water Park Summer Games Yard Toy Sprinkler,$16.57,Reduced Price
"Jolly Trampoline Sprinkler for Kids - Outdoor Trampoline Water Sprinkler for Kids and Adults, Trampoline Accessories Sprinkler 49 Feet Long for Water Play, Games, and Summer Fun in Yards",$13.99,Reduced Price
Screws Keys Mono Trampoline Handle,$5.88,Reduced Price
Outdoor Trampoline Water Sprinkler Garden Courtyard Waterpark Water Spray Hose Kids Water Playing Tool 15m,$17.49,Reduced Price
"MELLCO 26ft Trampoline Sprinkler, Outdoor Trampoline Water Sprinkler for Kids and Adults, Trampoline Accessories Sprinkler for Water Play, Games, and Summer Fun in Yards, Black",$13.78,Reduced Price
"Trampoline Sprinkler Spray for Park Watering Sprayer Kids Game Toys Trampoline Accessories,26Ft/49 Ft",$13.89,Reduced Price
"RubrumRosa Trampoline Sprinkler, Outdoor Kids Water Play Sprinklers, Trampoline Spray Waterpark Fun Summer Water Toys 26&49 Feet",$14.00,Reduced Price
"2021 SALES Trampoline Sprinkler for Kids,Outdoor Trampoline Water Sprinkler for Kids and Adults, Trampoline Accessories Sprinkler 26ft Long for Water Play,Games,and Summer Fun in Yards,(Green)",$12.79,Reduced Price
"Crowdstage 26&49 Feet Trampoline Sprinklers Sprayer for Trampoline Net, Outdoor Sprinker Hose Toys Cooling Kit for Kids Boys Girls with Instruction",$14.06,Reduced Price
"Trampoline With Balance Bar, 14x14x8.2ft 800lbs Load Safety Enclosure Net Basketball Hoop 2-Step Ladder Outdoor Backyard Kids Recreational Trampolines For Toddlers, Black Blue",$509.99,Reduced Price
"Bobor Trampoline Sprinklers for Kids, Outdoor Trampoline Spary Park Fun Summer Water Toys.(39ft)",$14.59,Reduced Price
Secrets 26/49 Feet Trampoline Sprinkler for Kids Outdoor Waterpark Backyard Accessories,$14.65,Clearance
"Black Friday Clearance!!!Trampoline Sprinkler,Trampoline Spray Water Park Fun Summer Outdoor Water Game Toys Trampoline Accessories,Sports & Outdoor Play Sprinklers Pools & Water Toys for Kids",$14.39,Reduced Price
"Trampoline Sprinkler, Outdoor Trampoline Sprinkler Waterpark Fun Summer Outdoor Water Games Yard Toys for Kids, Sprinklers Backyard Trampoline Accessories Water Park for Boys Girls 39 ft",$13.48,Reduced Price
Oaktree Trampoline Sprinkler Spray Water Park Outdoor Kids Water Sprayer Game Toys Trampoline Accessories Cooling Tool,$15.18,Clearance
"Project Retro 40"" Foldable Mini Trampoline,Fitness Rebounder with Adjustable Foam Handle,Exercise Trampoline for Adults Indoor/Garden Workout Max Load 330lbs YJ",$70.99,Reduced Price
RubrumRosa Trampoline Sprinkler for Kids 49 ft Outdoor Waterpark Backyard Accessories YJ,$17.22,Reduced Price
"Mgaxyff Cooling Hose,Garden Trampoline Water Sprinkler Hose Outdoor Cooling Watering Tool Summer Children Water Toy,Garden Cooling Tool",$16.42,Reduced Price
"Clearance! Trampoline Sprinkler, Trampoline Spray Water Park Fun Summer Outdoor Kids Water Sprayer Game Toys Trampoline Accessories",$16.58,Clearance
"HULKLIFE 39.4ft Trampoline Sprinkler, Trampoline Spray Water Park Fun Outdoor Kids Water Sprayer Game Toys Trampoline Accessories",$19.99,Reduced Price
26 & 49Feet Trampoline Sprinkler Fun Water Park Summer Outdoor Children's Sprinkler Game Toy Trampoline Accessories,$14.99,Clearance
"Trampoline Sprinkler, Trampoline Spray Water Park Fun Summer Outdoor Kids Water Sprayer Game Toys Trampoline Accessories 39.4ft",$17.98,Clearance
"Trampoline 26/49 Feet Waterpark Heavy Duty Trampoline Sprinkler Hose - Trampoline Accessories Fun Summer Outdoor Water Game Toys for Boys, Girls and Adults",$15.19,Reduced Price
"55 Inches Round Kids Trampoline ,Jumping Trampoline for Indoor and Outdoor Exercise with Safety Enclosure Net & Spring Pad(440 lbs Loading Capacity)",$69.99,Clearance
Trampoline Waterpark Sprinkler Best Outdoor Summer Toys For Kids Outside,$16.79,Reduced Price
Elaydool 26/49 Feet Trampoline Sprinkler Trampoline Spray Water Park Outdoor Kids Water Sprayer Game Toys,$13.31,Clearance
49ft Trampoline Sprinkler Water Spray Kids Outdoor Summer Fun Backyard Waterpark Game,$16.89,Reduced Price
Outdoor Trampoline Sprinkler Kids Water Sprinkler Summer Water Fun For Kids Yard,$14.18,Clearance
26Feet Trampoline Sprinkler Trampoline Spray Water Park Outdoor Kids Water Sprayer Game Toys Trampoline Accessories,$14.99,Reduced Price
Hazel Tech 1 PC Trampoline Sprinkler-Trampoline Spray Water Park Fun Summer Outdoor Kids Water Sprayer Game Toys Trampoline Accessories,$15.99,Clearance
Lestosons Trampoline Sprinkler Trampoline Spray Water Park Outdoor Kids Water Sprayer Game Toys Trampoline Accessories,$14.51,Reduced Price
26/49FT Trampoline Sprinkler Water Sprinkler Pipe Outdoor Water Park Trampoline Kids Toy Spray Hose Outdoor Water Toys Backyard for Kids,$14.99,Clearance
"Kids Trampoline With Safety Enclosure Net And Ladder, 10x10x8.4ft 661lbs Load Outdoor Recreational Trampoline With Waterproof Jump Pad For Outdoor Toddler Trampolines, Black",$339.99,Reduced Price
"Trampoline Sprinkler Summer Trampoline Water Spray Hose for Kids and Adults Outdoor Backyard Fun Water Play Games, Trampoline Accessories (26.2 ft)",$14.98,Clearance
Gymax Blue Safety Pad Spring Round Frame Pad Cover Replacement for 12FT 14FT 15FT Trampoline,$115.99,Reduced Price
"INCLAKE Trampoline with Safety Enclosure Net,10 FT Exercise Trampoline with Jumping Mat and Spring Cover Padding, 661lbs Weight Limit for Kids and Adults, Indoor Outdoor Fitness Backyard Trampolines",$309.99,Reduced Price
Altsales 26&49 Feet Trampoline Sprinkler Trampoline Spray Water Park Outdoor Kids Water Sprayer Game Toys,$15.31,Reduced Price
"FYCONE Outdoor Trampoline Sprinkler for Kids, Outdoor Trampoline Backyard Waterpark Sprinkler Spray Hose Pipe Summer Outside Coolling Tool Fun Water Toys for Kids",$15.35,Clearance
"Big Save!Trampoline Sprinkler, Trampoline Spray Water Park Fun Summer Outdoor Kids Water Sprayer Game Toys Trampoline Accessories 39.4ft",$18.05,Reduced Price
Trampoline Spring Pull Tool T-Hook Trampoline Trampoline spring hook installation tool T-shaped assembler accessories spring pulling tool,$6.54,Reduced Price
Bazoongi SP5.5 5.5 in. Trampoline Spring,$5.81,Reduced Price
"Trampoline Sprinkler, Outdoor Trampoline Sprinkler Waterpark Fun Summer Outdoor Water Games Yard Toys for Kids, Sprinklers Backyard Trampoline Accessories Water Park for Boys Girls",$13.99,Clearance
Luxsea Trampoline Sprinkler Waterpark for Kids Water Park Sprinkler Games Toys for Boys and Girls 39.4ft,$17.98,Clearance
Summer Trampoline Water Sprinkler Outdoor Garden Water Games Toys Kids Sprayer Backyard Water Park,$13.62,Clearance
Outdoor Trampoline Water Sprinkler Garden Courtyard Waterpark Water Spray Hose Kids Water Playing Tool 15m,$17.89,Reduced Price
26&49 Feet Trampoline Sprinkler Outdoor Trampoline Spray Water Park Outdoor Kids Water Sprayer Game Toys,$11.72,Reduced Price
Trampoline Sprinklers Pipe Summer Durable Water Toy For Kids Adults Outdoor Misting Cooling System Nozzle Kit,$19.24,Reduced Price
Trampoline Sprinkler 26&49 Feet Waterpark Outdoor Water Sprinklers Toy Accessories for Kids Fun Summer Water Park Backyard Yard Game,$15.79,Clearance
Cusimax Outdoor Trampoline Water Sprinkler Garden Courtyard Waterpark Water Spray Hose Kids Water Playing Tool 15m,$17.70,Reduced Price
Oaktree Trampoline Sprinkler Spray Water Park Outdoor Kids Water Sprayer Game Toys Trampoline Accessories Cooling Tool 26ft/49ft,$15.89,Clearance
My First Superhero 36-Inch Trampolines with Handlebar,$49.00,Reduced Price
"Trampoline Sprinkler Outdoor Trampoline Accessories Fun Waterpark Sprinkler Hose Summer Water Toys for Boys,Girls and Adults,Orange(26ft)",$18.89,Clearance
"39/49ft Trampoline Sprinkler, Trampoline Sprinklers Sprayer for Trampoline Net, Trampoline Accessories, Perfect Summer Outdoor Waterpark Atomize Hose Fun Game Toys",$15.98,Reduced Price
FollureKids Fun Summer Outdoor Water Park-Game Sprinkler - Waterpark Toys for Boys,$16.39,Clearance
Houkiper Water Trampoline Sprinkler Trampoline Sprinkler Summer Outdoor Garden Water Games Toy Sprayer Backyard Water Park Accessories 39 Feet,$17.79,Clearance
"Trampoline Sprinkler, Trampoline Spray Water Park Fun Summer Outdoor Kids Water Sprayer Game Toys Trampoline Accessories 39.4ft",$17.15,Reduced Price
26&49 Feet Trampoline Sprinkler Trampoline Spray Water Park Outdoor Kids Water Sprayer Game Toys Trampoline Accessories,$16.24,Clearance
"Trampoline Sprinkler, Trampoline Spray Water Park Fun Summer Outdoor Kids Water Sprayer Game Toys Trampoline Accessories 39.4ft",$17.99,Clearance
Crowdstage Trampoline Sprinkler for Kids 49 ft Outdoor Waterpark Backyard Accessories YJ,$17.35,Clearance
Trampoline Sprinkler Durable Safe Outdoor Water Play Multifunctional Sprinklers For Kids Fun Water Park Summer Games Yard Toys Green 12m,$16.38,Reduced Price
Trampoline Spray Water Park Fun Summer Outdoor Kids Water Sprayer Game Toys Trampoline Accessories 39.4ft,$15.99,Reduced Price
26&49 Feet Trampoline Sprinkler Trampoline Spray Water Park Outdoor Kids Water Sprayer Game Toys Trampoline Accessories Water Spray On Trampoline For Children,$14.72,Reduced Price
"39ft Trampoline Sprinkler, EEEkit Outdoor Trampoline Water Sprinklers Park Play for Kids, Fun Summer Game Yard Toys for Boys Girls and Adults Backyard Waterpark Trampoline Accessories",$16.48,Reduced Price
"38"" Foldable Mini Fitness Trampoline Quiet Waterproof Exercise Rebounders,Exercise Trampoline Holds 330lbs for Indoor Outdoor Exercise Workout for Adults & Kids",$48.19,Reduced Price
Onever Water Sprinkler Trampoline Sprinkler Summer Outdoor Garden Water Games Toy Sprayer Backyard Water Park Accessories 39 Feet,$16.89,Clearance
10 PCS Per Set Trampoline Jumping Bed Bungee Bed Mesh Cloth Mattress Jumping Cloth Iron Buckle Triangle Ring,$10.18,Reduced Price
Water Sprinkler Pipe For Outdoor Waterpark Trampoline Kids Toy 39 Ft Spray Hose,$14.99,Clearance
Clearance EleaEleanor 26/49 Feet Trampoline Sprinkler Trampoline Spray Water Park Outdoor Kids Water Sprayer Game Toys,$14.61,Clearance
"Trampoline Sprinkler, Outdoor Trampoline Sprinkler Waterpark Fun Summer Outdoor Water Games Yard Toys for Kids, Sprinklers Backyard Trampoline Accessories Water Park for Boys Girls 26.2 ft",$12.40,Reduced Price
"Trampoline Safety Net - Replacement Protective Enclosure Surround Net, Polyethylene 6 Pole Safety Net Anti-Fall Jumping Pad Safety Net",$57.99,Clearance
"Trampoline Sprinkler, Trampoline Spray Water Park Fun Summer Outdoor Kids Water Sprayer Game Toys Trampoline Accessories 39.4ft",$13.49,Reduced Price
"Trampoline Waterpark Heavy Duty Trampoline Sprinkler Hose - Trampoline Accessories Fun Summer Outdoor Water Game Toys for Boys, Girls and Adults",$15.55,Reduced Price
"Trampoline Sprinkler For Kids - Outdoor Trampoline Accessories Backyard Water Park, Summer Trampoline Water Sprinkler For Kids And Adults, 39Ft Long For Water Play, Games",$18.99,Clearance
Trampoline Sprinkler Durable Safe Outdoor Water Play Multifunctional Sprinklers For Kids Fun Water Park Summer Games Yard Toys 8M LE,$11.71,Clearance
Trampoline Spray Water Park Fun Summer Outdoor Kids Water Sprayer Game Toys Trampoline Accessories 39.4ft,$16.99,Reduced Price
"Trampoline Sprinkler, Trampoline Spray Water Park Fun Summer Outdoor Kids Water Sprayer Game Toys Trampoline Accessories",$17.25,Clearance
Project Retro Trampoline Sprinkler for Kids 49 ft Outdoor Waterpark Backyard Accessories YJ,$17.30,Reduced Price
Velocity 49Ft Water Sprinkler Pipe For Outdoor Waterpark Trampoline Kids Toy Spray Hose,$13.99,Clearance
BouncePro Replacement 15' Trampoline Enclosure LEFT HORIZONTAL TUBE with Foam,$23.99,Reduced Price
GETHOME Waterproof Removable Trampoline Cover 3 Layer Shock Absorbent Safety Pad Outdoor 36inch,$23.68,Clearance
"SoftDigit Trampoline Shoe Bag, Trampoline Storage Mesh Bag, with 4 Straps, Travel Sports Indoor Fitness Trampoline Equipment Bag, Toys Shoes Organizer, Trampoline Assecories",$16.99,Reduced Price
12pcs Trampoline Screws Set For Attaching The Trampoline High Quality Strong Trampoline Fixing Screws Kit Stability Tool Set Safety Trampoline Replacement Parts Accessories,$13.29,Clearance
"Vulaop Trampoline Storage Bag, Trampoline Storage Net Bag, Travel Bag, Sports Indoor Fitness Trampoline Equipment Bag, Trampoline Accessories",$16.99,Reduced Price
12M Trampoline Water Game Sprinkler Garden Cooling Kid Fun Spray Hose water park,$17.57,Clearance
"OUSGAR 5FT Trampoline for Kids with Safety Enclosure Net Basketball Hoop, Mini Trampoline for Outdoor Indoor Family Backyard School Entertainment, Age 1-10, 220lb Capacity for 3 Kids",$119.92,Clearance
Deepablaze Trampoline Sprinkler Durable Safe Outdoor Water Play Multifunctional Sprinklers For Kids Fun Water Park Summer Games Yard Toys,$17.59,Reduced Price
Aimik Trampoline Safety Nets for Round Trampolines Using Variant Arches - Breathable UV and Weather-Resistant Trampoline Net Replacement with Top Sleeves,$39.99,Clearance
"Amazing Fashion Trampoline Sprinkler for Kids, Outdoor Trampoline Backyard Water Park Sprinkler Fun Summer Outdoor Water Toys for Boys Girls (49ft)",$17.99,Reduced Price
"49ft Trampoline Sprinkler, EEEkit Outdoor Trampoline Water Sprinklers Park Play for Kids, Fun Summer Game Yard Toys for Boys Girls and Adults Backyard Waterpark Trampoline Accessories",$18.48,Reduced Price
"Trampoline Sprinkler, Outdoor Trampoline Backyard Water Park Sprinkler Fun Summer Outdoor Water Toys for Boys Girls. (39.4ft)",$17.99,Clearance
Oaktree-Trampoline Sprinkler Trampoline WaterWhirl Trampoline Spray Water Park Outdoor Kids Water Sprayer Game Toys Trampoline Accessories,$18.99,Clearance
"39ft Trampoline accessories sprinkler, summer outdoor water park sprinkler toys",$19.99,Clearance
"Trampoline Sprinkler for Kids, Outdoor Trampoline Backyard Water Park Sprinkler Fun Summer Outdoor Water Toys for Boys Girls (39ft)",$19.99,Clearance
Trampoline Enclosure Pole Gap Spacers -Trampoline Plastic Safety Enclosure Replacement Accessories Pack of 12 Black,$8.39,Clearance
"HEKA Trampoline Folding Fitness Trampoline 40"" Heavy Duty Foldable Mini Trampoline Re-bounder with Foam Handle for Adults Kids Indoor/Garden Workout , Max Load 330Lbs KI2O",$79.59,Reduced Price
Summer Water Sprinkler Trampoline Sprinkler Outdoor Garden Water Games Toy Sprayer Backyard Water Park Accessories 39 Feet Game,$15.59,Reduced Price
"Trampoline Sprinkler, Outdoor Trampoline Water Play Sprinklers for Kids, Fun Water Park Summer Toys Trampoline Accessories,26ft",$18.99,Reduced Price
Skywalker Trampoline 13' x 13' Replacement Leg Extension,$24.99,Reduced Price
"40"" Mini Trampoline for Adults and Kids, Adjustable, Folding, Springless",$49.99,Clearance
"55 Inch Round Kids Youth Trampoline , Trampoline with Safety Pad Enclosure,Indoor Outdoor Trampolines for Kids Toddler,Blue",$79.99,Reduced Price
